standard_feature,audit_field,field_type,collection_level,why_needed,example_values
Bus stop identity and location,atco_code; audit_date; auditing_body; evidence_url,identifier; date; text; url,Stop-level audit joined to NaPTAN using ATCOCode,Confirms the audited asset can be linked back to the national stop register and evidence trail.,2400A12345; 2026-04-29; Example Council; https://example.org/evidence/2400A12345
"Bus stop flag with stop name, route numbers, destination and branding",has_clear_stop_flag; displayed_route_numbers; displayed_destinations,boolean; text; text,Stop-level physical audit,"NaPTAN records names and codes, but not whether the physical flag is present, legible, branded, or displaying route information.",true; 12|27|89; City centre|Hospital
Printed timetable of arrival times,has_printed_timetable; timetable_last_checked_date,boolean; date,Stop-level physical audit,Confirms whether an up-to-date printed timetable is displayed at the stop.,true; 2026-04-29
Covered shelter with seating,has_shelter; has_seating; shelter_condition_rating,boolean; boolean; category,Stop-level physical audit,National open data does not consistently record shelter or seating provision or condition.,true; true; good
Map of local bus stops and route network,has_route_map; route_map_last_checked_date,boolean; date,Stop-level physical audit,Confirms whether route maps are displayed and recently checked.,false;
Real-time next bus information display,has_rti_display; rti_display_working; rti_last_checked_datetime,boolean; boolean; datetime,Stop-level physical audit or asset management system,Confirms whether a real-time display exists and was working at audit time.,true; true; 2026-04-29T10:30:00Z
QR code or weblink to online real-time passenger information,has_qr_or_weblink; qr_or_weblink_target; qr_or_weblink_working,boolean; url; boolean,Stop-level physical audit,Confirms whether physical digital-access information is provided and usable.,true; https://example.org/stop/2400A12345; true
Lighting at bus stop,has_lighting; lighting_working; lighting_ownership,boolean; boolean; category,Stop-level physical audit or asset management system,"NaPTAN does not record whether lighting exists, is working, or who maintains it.",true; true; highway_authority
"Cleaning, inspection, repair and maintenance arrangements",has_cleaning_programme; has_repair_contract; inspection_frequency; condition_rating,boolean; boolean; category; category,Local authority asset management system linked to stop-level audit,Confirms whether maintenance arrangements exist and records current asset condition.,true; true; monthly; fair
