period,period_type,measure,value,growth_from_previous_percent,source_series
1955 Q1,quarters,GDP chained volume measure index,145457.0,,ABMI
1955 Q2,quarters,GDP chained volume measure index,145551.0,0.065,ABMI
1955 Q3,quarters,GDP chained volume measure index,147995.0,1.679,ABMI
1955 Q4,quarters,GDP chained volume measure index,147119.0,-0.592,ABMI
1956 Q1,quarters,GDP chained volume measure index,148955.0,1.248,ABMI
1956 Q2,quarters,GDP chained volume measure index,148835.0,-0.081,ABMI
1956 Q3,quarters,GDP chained volume measure index,148665.0,-0.114,ABMI
1956 Q4,quarters,GDP chained volume measure index,149607.0,0.634,ABMI
1957 Q1,quarters,GDP chained volume measure index,152331.0,1.821,ABMI
1957 Q2,quarters,GDP chained volume measure index,152285.0,-0.03,ABMI
1957 Q3,quarters,GDP chained volume measure index,151340.0,-0.621,ABMI
1957 Q4,quarters,GDP chained volume measure index,151857.0,0.342,ABMI
1958 Q1,quarters,GDP chained volume measure index,155117.0,2.147,ABMI
1958 Q2,quarters,GDP chained volume measure index,151257.0,-2.488,ABMI
1958 Q3,quarters,GDP chained volume measure index,154551.0,2.178,ABMI
1958 Q4,quarters,GDP chained volume measure index,155042.0,0.318,ABMI
1959 Q1,quarters,GDP chained volume measure index,156009.0,0.624,ABMI
1959 Q2,quarters,GDP chained volume measure index,158487.0,1.588,ABMI
1959 Q3,quarters,GDP chained volume measure index,161850.0,2.122,ABMI
1959 Q4,quarters,GDP chained volume measure index,165941.0,2.528,ABMI
1960 Q1,quarters,GDP chained volume measure index,170121.0,2.519,ABMI
1960 Q2,quarters,GDP chained volume measure index,168948.0,-0.69,ABMI
1960 Q3,quarters,GDP chained volume measure index,171442.0,1.476,ABMI
1960 Q4,quarters,GDP chained volume measure index,172382.0,0.548,ABMI
1961 Q1,quarters,GDP chained volume measure index,175276.0,1.679,ABMI
1961 Q2,quarters,GDP chained volume measure index,175974.0,0.398,ABMI
1961 Q3,quarters,GDP chained volume measure index,175126.0,-0.482,ABMI
1961 Q4,quarters,GDP chained volume measure index,174768.0,-0.204,ABMI
1962 Q1,quarters,GDP chained volume measure index,175568.0,0.458,ABMI
1962 Q2,quarters,GDP chained volume measure index,177216.0,0.939,ABMI
1962 Q3,quarters,GDP chained volume measure index,178265.0,0.592,ABMI
1962 Q4,quarters,GDP chained volume measure index,177632.0,-0.355,ABMI
1963 Q1,quarters,GDP chained volume measure index,178493.0,0.485,ABMI
1963 Q2,quarters,GDP chained volume measure index,186171.0,4.302,ABMI
1963 Q3,quarters,GDP chained volume measure index,187001.0,0.446,ABMI
1963 Q4,quarters,GDP chained volume measure index,191230.0,2.261,ABMI
1964 Q1,quarters,GDP chained volume measure index,192542.0,0.686,ABMI
1964 Q2,quarters,GDP chained volume measure index,196109.0,1.853,ABMI
1964 Q3,quarters,GDP chained volume measure index,196783.0,0.344,ABMI
1964 Q4,quarters,GDP chained volume measure index,199854.0,1.561,ABMI
1965 Q1,quarters,GDP chained volume measure index,199276.0,-0.289,ABMI
1965 Q2,quarters,GDP chained volume measure index,199419.0,0.072,ABMI
1965 Q3,quarters,GDP chained volume measure index,200957.0,0.771,ABMI
1965 Q4,quarters,GDP chained volume measure index,202259.0,0.648,ABMI
1966 Q1,quarters,GDP chained volume measure index,202588.0,0.163,ABMI
1966 Q2,quarters,GDP chained volume measure index,203766.0,0.581,ABMI
1966 Q3,quarters,GDP chained volume measure index,204428.0,0.325,ABMI
1966 Q4,quarters,GDP chained volume measure index,203611.0,-0.4,ABMI
1967 Q1,quarters,GDP chained volume measure index,206330.0,1.335,ABMI
1967 Q2,quarters,GDP chained volume measure index,209227.0,1.404,ABMI
1967 Q3,quarters,GDP chained volume measure index,210092.0,0.413,ABMI
1967 Q4,quarters,GDP chained volume measure index,211166.0,0.511,ABMI
1968 Q1,quarters,GDP chained volume measure index,218997.0,3.708,ABMI
1968 Q2,quarters,GDP chained volume measure index,218081.0,-0.418,ABMI
1968 Q3,quarters,GDP chained volume measure index,222325.0,1.946,ABMI
1968 Q4,quarters,GDP chained volume measure index,223067.0,0.334,ABMI
1969 Q1,quarters,GDP chained volume measure index,222725.0,-0.153,ABMI
1969 Q2,quarters,GDP chained volume measure index,224353.0,0.731,ABMI
1969 Q3,quarters,GDP chained volume measure index,225601.0,0.556,ABMI
1969 Q4,quarters,GDP chained volume measure index,226619.0,0.451,ABMI
1970 Q1,quarters,GDP chained volume measure index,225223.0,-0.616,ABMI
1970 Q2,quarters,GDP chained volume measure index,230605.0,2.39,ABMI
1970 Q3,quarters,GDP chained volume measure index,232800.0,0.952,ABMI
1970 Q4,quarters,GDP chained volume measure index,234954.0,0.925,ABMI
1971 Q1,quarters,GDP chained volume measure index,233843.0,-0.473,ABMI
1971 Q2,quarters,GDP chained volume measure index,238030.0,1.791,ABMI
1971 Q3,quarters,GDP chained volume measure index,242078.0,1.701,ABMI
1971 Q4,quarters,GDP chained volume measure index,243009.0,0.385,ABMI
1972 Q1,quarters,GDP chained volume measure index,243540.0,0.219,ABMI
1972 Q2,quarters,GDP chained volume measure index,249966.0,2.639,ABMI
1972 Q3,quarters,GDP chained volume measure index,250633.0,0.267,ABMI
1972 Q4,quarters,GDP chained volume measure index,254524.0,1.552,ABMI
1973 Q1,quarters,GDP chained volume measure index,267015.0,4.908,ABMI
1973 Q2,quarters,GDP chained volume measure index,267521.0,0.19,ABMI
1973 Q3,quarters,GDP chained volume measure index,265025.0,-0.933,ABMI
1973 Q4,quarters,GDP chained volume measure index,263989.0,-0.391,ABMI
1974 Q1,quarters,GDP chained volume measure index,256670.0,-2.772,ABMI
1974 Q2,quarters,GDP chained volume measure index,260347.0,1.433,ABMI
1974 Q3,quarters,GDP chained volume measure index,261890.0,0.593,ABMI
1974 Q4,quarters,GDP chained volume measure index,258066.0,-1.46,ABMI
1975 Q1,quarters,GDP chained volume measure index,258116.0,0.019,ABMI
1975 Q2,quarters,GDP chained volume measure index,253935.0,-1.62,ABMI
1975 Q3,quarters,GDP chained volume measure index,253168.0,-0.302,ABMI
1975 Q4,quarters,GDP chained volume measure index,255985.0,1.113,ABMI
1976 Q1,quarters,GDP chained volume measure index,260268.0,1.673,ABMI
1976 Q2,quarters,GDP chained volume measure index,259911.0,-0.137,ABMI
1976 Q3,quarters,GDP chained volume measure index,263132.0,1.239,ABMI
1976 Q4,quarters,GDP chained volume measure index,268662.0,2.102,ABMI
1977 Q1,quarters,GDP chained volume measure index,268833.0,0.064,ABMI
1977 Q2,quarters,GDP chained volume measure index,266987.0,-0.687,ABMI
1977 Q3,quarters,GDP chained volume measure index,268717.0,0.648,ABMI
1977 Q4,quarters,GDP chained volume measure index,273279.0,1.698,ABMI
1978 Q1,quarters,GDP chained volume measure index,275841.0,0.938,ABMI
1978 Q2,quarters,GDP chained volume measure index,279001.0,1.146,ABMI
1978 Q3,quarters,GDP chained volume measure index,282797.0,1.361,ABMI
1978 Q4,quarters,GDP chained volume measure index,285314.0,0.89,ABMI
1979 Q1,quarters,GDP chained volume measure index,284457.0,-0.3,ABMI
1979 Q2,quarters,GDP chained volume measure index,296841.0,4.354,ABMI
1979 Q3,quarters,GDP chained volume measure index,290297.0,-2.205,ABMI
1979 Q4,quarters,GDP chained volume measure index,293265.0,1.022,ABMI
1980 Q1,quarters,GDP chained volume measure index,290378.0,-0.984,ABMI
1980 Q2,quarters,GDP chained volume measure index,284713.0,-1.951,ABMI
1980 Q3,quarters,GDP chained volume measure index,284402.0,-0.109,ABMI
1980 Q4,quarters,GDP chained volume measure index,281496.0,-1.022,ABMI
1981 Q1,quarters,GDP chained volume measure index,281257.0,-0.085,ABMI
1981 Q2,quarters,GDP chained volume measure index,282155.0,0.319,ABMI
1981 Q3,quarters,GDP chained volume measure index,285437.0,1.163,ABMI
1981 Q4,quarters,GDP chained volume measure index,285814.0,0.132,ABMI
1982 Q1,quarters,GDP chained volume measure index,286275.0,0.161,ABMI
1982 Q2,quarters,GDP chained volume measure index,289232.0,1.033,ABMI
1982 Q3,quarters,GDP chained volume measure index,289852.0,0.214,ABMI
1982 Q4,quarters,GDP chained volume measure index,291832.0,0.683,ABMI
1983 Q1,quarters,GDP chained volume measure index,297563.0,1.964,ABMI
1983 Q2,quarters,GDP chained volume measure index,299623.0,0.692,ABMI
1983 Q3,quarters,GDP chained volume measure index,303085.0,1.155,ABMI
1983 Q4,quarters,GDP chained volume measure index,305361.0,0.751,ABMI
1984 Q1,quarters,GDP chained volume measure index,307964.0,0.852,ABMI
1984 Q2,quarters,GDP chained volume measure index,304892.0,-0.998,ABMI
1984 Q3,quarters,GDP chained volume measure index,307122.0,0.731,ABMI
1984 Q4,quarters,GDP chained volume measure index,312697.0,1.815,ABMI
1985 Q1,quarters,GDP chained volume measure index,315753.0,0.977,ABMI
1985 Q2,quarters,GDP chained volume measure index,322451.0,2.121,ABMI
1985 Q3,quarters,GDP chained volume measure index,322392.0,-0.018,ABMI
1985 Q4,quarters,GDP chained volume measure index,322604.0,0.066,ABMI
1986 Q1,quarters,GDP chained volume measure index,325968.0,1.043,ABMI
1986 Q2,quarters,GDP chained volume measure index,328872.0,0.891,ABMI
1986 Q3,quarters,GDP chained volume measure index,330966.0,0.637,ABMI
1986 Q4,quarters,GDP chained volume measure index,337367.0,1.934,ABMI
1987 Q1,quarters,GDP chained volume measure index,339754.0,0.708,ABMI
1987 Q2,quarters,GDP chained volume measure index,344795.0,1.484,ABMI
1987 Q3,quarters,GDP chained volume measure index,353365.0,2.486,ABMI
1987 Q4,quarters,GDP chained volume measure index,357439.0,1.153,ABMI
1988 Q1,quarters,GDP chained volume measure index,363267.0,1.63,ABMI
1988 Q2,quarters,GDP chained volume measure index,365209.0,0.535,ABMI
1988 Q3,quarters,GDP chained volume measure index,369774.0,1.25,ABMI
1988 Q4,quarters,GDP chained volume measure index,372752.0,0.805,ABMI
1989 Q1,quarters,GDP chained volume measure index,374612.0,0.499,ABMI
1989 Q2,quarters,GDP chained volume measure index,376951.0,0.624,ABMI
1989 Q3,quarters,GDP chained volume measure index,377573.0,0.165,ABMI
1989 Q4,quarters,GDP chained volume measure index,377508.0,-0.017,ABMI
1990 Q1,quarters,GDP chained volume measure index,379458.0,0.517,ABMI
1990 Q2,quarters,GDP chained volume measure index,381997.0,0.669,ABMI
1990 Q3,quarters,GDP chained volume measure index,377831.0,-1.091,ABMI
1990 Q4,quarters,GDP chained volume measure index,375916.0,-0.507,ABMI
1991 Q1,quarters,GDP chained volume measure index,374060.0,-0.494,ABMI
1991 Q2,quarters,GDP chained volume measure index,373608.0,-0.121,ABMI
1991 Q3,quarters,GDP chained volume measure index,372878.0,-0.195,ABMI
1991 Q4,quarters,GDP chained volume measure index,373357.0,0.128,ABMI
1992 Q1,quarters,GDP chained volume measure index,373317.0,-0.011,ABMI
1992 Q2,quarters,GDP chained volume measure index,372751.0,-0.152,ABMI
1992 Q3,quarters,GDP chained volume measure index,374537.0,0.479,ABMI
1992 Q4,quarters,GDP chained volume measure index,377418.0,0.769,ABMI
1993 Q1,quarters,GDP chained volume measure index,379370.0,0.517,ABMI
1993 Q2,quarters,GDP chained volume measure index,381045.0,0.442,ABMI
1993 Q3,quarters,GDP chained volume measure index,384524.0,0.913,ABMI
1993 Q4,quarters,GDP chained volume measure index,387143.0,0.681,ABMI
1994 Q1,quarters,GDP chained volume measure index,391026.0,1.003,ABMI
1994 Q2,quarters,GDP chained volume measure index,394588.0,0.911,ABMI
1994 Q3,quarters,GDP chained volume measure index,398566.0,1.008,ABMI
1994 Q4,quarters,GDP chained volume measure index,400279.0,0.43,ABMI
1995 Q1,quarters,GDP chained volume measure index,402390.0,0.527,ABMI
1995 Q2,quarters,GDP chained volume measure index,403259.0,0.216,ABMI
1995 Q3,quarters,GDP chained volume measure index,407795.0,1.125,ABMI
1995 Q4,quarters,GDP chained volume measure index,409132.0,0.328,ABMI
1996 Q1,quarters,GDP chained volume measure index,412022.0,0.706,ABMI
1996 Q2,quarters,GDP chained volume measure index,413325.0,0.316,ABMI
1996 Q3,quarters,GDP chained volume measure index,417019.0,0.894,ABMI
1996 Q4,quarters,GDP chained volume measure index,422639.0,1.348,ABMI
1997 Q1,quarters,GDP chained volume measure index,429418.0,1.604,ABMI
1997 Q2,quarters,GDP chained volume measure index,434199.0,1.113,ABMI
1997 Q3,quarters,GDP chained volume measure index,438100.0,0.898,ABMI
1997 Q4,quarters,GDP chained volume measure index,444540.0,1.47,ABMI
1998 Q1,quarters,GDP chained volume measure index,447712.0,0.714,ABMI
1998 Q2,quarters,GDP chained volume measure index,450292.0,0.576,ABMI
1998 Q3,quarters,GDP chained volume measure index,451005.0,0.158,ABMI
1998 Q4,quarters,GDP chained volume measure index,453937.0,0.65,ABMI
1999 Q1,quarters,GDP chained volume measure index,457044.0,0.684,ABMI
1999 Q2,quarters,GDP chained volume measure index,458710.0,0.365,ABMI
1999 Q3,quarters,GDP chained volume measure index,466387.0,1.674,ABMI
1999 Q4,quarters,GDP chained volume measure index,473892.0,1.609,ABMI
2000 Q1,quarters,GDP chained volume measure index,480212.0,1.334,ABMI
2000 Q2,quarters,GDP chained volume measure index,483672.0,0.721,ABMI
2000 Q3,quarters,GDP chained volume measure index,486617.0,0.609,ABMI
2000 Q4,quarters,GDP chained volume measure index,489506.0,0.594,ABMI
2001 Q1,quarters,GDP chained volume measure index,493575.0,0.831,ABMI
2001 Q2,quarters,GDP chained volume measure index,495602.0,0.411,ABMI
2001 Q3,quarters,GDP chained volume measure index,497938.0,0.471,ABMI
2001 Q4,quarters,GDP chained volume measure index,499278.0,0.269,ABMI
2002 Q1,quarters,GDP chained volume measure index,500794.0,0.304,ABMI
2002 Q2,quarters,GDP chained volume measure index,503433.0,0.527,ABMI
2002 Q3,quarters,GDP chained volume measure index,506386.0,0.587,ABMI
2002 Q4,quarters,GDP chained volume measure index,509728.0,0.66,ABMI
2003 Q1,quarters,GDP chained volume measure index,514031.0,0.844,ABMI
2003 Q2,quarters,GDP chained volume measure index,518802.0,0.928,ABMI
2003 Q3,quarters,GDP chained volume measure index,524213.0,1.043,ABMI
2003 Q4,quarters,GDP chained volume measure index,528320.0,0.783,ABMI
2004 Q1,quarters,GDP chained volume measure index,529996.0,0.317,ABMI
2004 Q2,quarters,GDP chained volume measure index,532543.0,0.481,ABMI
2004 Q3,quarters,GDP chained volume measure index,534447.0,0.358,ABMI
2004 Q4,quarters,GDP chained volume measure index,536886.0,0.456,ABMI
2005 Q1,quarters,GDP chained volume measure index,541028.0,0.771,ABMI
2005 Q2,quarters,GDP chained volume measure index,545530.0,0.832,ABMI
2005 Q3,quarters,GDP chained volume measure index,550552.0,0.921,ABMI
2005 Q4,quarters,GDP chained volume measure index,556311.0,1.046,ABMI
2006 Q1,quarters,GDP chained volume measure index,558314.0,0.36,ABMI
2006 Q2,quarters,GDP chained volume measure index,559795.0,0.265,ABMI
2006 Q3,quarters,GDP chained volume measure index,560675.0,0.157,ABMI
2006 Q4,quarters,GDP chained volume measure index,562669.0,0.356,ABMI
2007 Q1,quarters,GDP chained volume measure index,568845.0,1.098,ABMI
2007 Q2,quarters,GDP chained volume measure index,574194.0,0.94,ABMI
2007 Q3,quarters,GDP chained volume measure index,579605.0,0.942,ABMI
2007 Q4,quarters,GDP chained volume measure index,584504.0,0.845,ABMI
2008 Q1,quarters,GDP chained volume measure index,586690.0,0.374,ABMI
2008 Q2,quarters,GDP chained volume measure index,583541.0,-0.537,ABMI
2008 Q3,quarters,GDP chained volume measure index,573961.0,-1.642,ABMI
2008 Q4,quarters,GDP chained volume measure index,561816.0,-2.116,ABMI
2009 Q1,quarters,GDP chained volume measure index,550451.0,-2.023,ABMI
2009 Q2,quarters,GDP chained volume measure index,548859.0,-0.289,ABMI
2009 Q3,quarters,GDP chained volume measure index,549540.0,0.124,ABMI
2009 Q4,quarters,GDP chained volume measure index,551372.0,0.333,ABMI
2010 Q1,quarters,GDP chained volume measure index,556002.0,0.84,ABMI
2010 Q2,quarters,GDP chained volume measure index,562353.0,1.142,ABMI
2010 Q3,quarters,GDP chained volume measure index,565659.0,0.588,ABMI
2010 Q4,quarters,GDP chained volume measure index,565945.0,0.051,ABMI
2011 Q1,quarters,GDP chained volume measure index,566873.0,0.164,ABMI
2011 Q2,quarters,GDP chained volume measure index,566601.0,-0.048,ABMI
2011 Q3,quarters,GDP chained volume measure index,567586.0,0.174,ABMI
2011 Q4,quarters,GDP chained volume measure index,568056.0,0.083,ABMI
2012 Q1,quarters,GDP chained volume measure index,573416.0,0.944,ABMI
2012 Q2,quarters,GDP chained volume measure index,573112.0,-0.053,ABMI
2012 Q3,quarters,GDP chained volume measure index,579051.0,1.036,ABMI
2012 Q4,quarters,GDP chained volume measure index,578215.0,-0.144,ABMI
2013 Q1,quarters,GDP chained volume measure index,579749.0,0.265,ABMI
2013 Q2,quarters,GDP chained volume measure index,583605.0,0.665,ABMI
2013 Q3,quarters,GDP chained volume measure index,588076.0,0.766,ABMI
2013 Q4,quarters,GDP chained volume measure index,591954.0,0.659,ABMI
2014 Q1,quarters,GDP chained volume measure index,596696.0,0.801,ABMI
2014 Q2,quarters,GDP chained volume measure index,602310.0,0.941,ABMI
2014 Q3,quarters,GDP chained volume measure index,607213.0,0.814,ABMI
2014 Q4,quarters,GDP chained volume measure index,611220.0,0.66,ABMI
2015 Q1,quarters,GDP chained volume measure index,613076.0,0.304,ABMI
2015 Q2,quarters,GDP chained volume measure index,615875.0,0.457,ABMI
2015 Q3,quarters,GDP chained volume measure index,618263.0,0.388,ABMI
2015 Q4,quarters,GDP chained volume measure index,621968.0,0.599,ABMI
2016 Q1,quarters,GDP chained volume measure index,625099.0,0.503,ABMI
2016 Q2,quarters,GDP chained volume measure index,629697.0,0.736,ABMI
2016 Q3,quarters,GDP chained volume measure index,632477.0,0.441,ABMI
2016 Q4,quarters,GDP chained volume measure index,636392.0,0.619,ABMI
2017 Q1,quarters,GDP chained volume measure index,642463.0,0.954,ABMI
2017 Q2,quarters,GDP chained volume measure index,647944.0,0.853,ABMI
2017 Q3,quarters,GDP chained volume measure index,652329.0,0.677,ABMI
2017 Q4,quarters,GDP chained volume measure index,657225.0,0.751,ABMI
2018 Q1,quarters,GDP chained volume measure index,657741.0,0.079,ABMI
2018 Q2,quarters,GDP chained volume measure index,659172.0,0.218,ABMI
2018 Q3,quarters,GDP chained volume measure index,661262.0,0.317,ABMI
2018 Q4,quarters,GDP chained volume measure index,662120.0,0.13,ABMI
2019 Q1,quarters,GDP chained volume measure index,665456.0,0.504,ABMI
2019 Q2,quarters,GDP chained volume measure index,666875.0,0.213,ABMI
2019 Q3,quarters,GDP chained volume measure index,670547.0,0.551,ABMI
2019 Q4,quarters,GDP chained volume measure index,670587.0,0.006,ABMI
2020 Q1,quarters,GDP chained volume measure index,652180.0,-2.745,ABMI
2020 Q2,quarters,GDP chained volume measure index,522356.0,-19.906,ABMI
2020 Q3,quarters,GDP chained volume measure index,610972.0,16.965,ABMI
2020 Q4,quarters,GDP chained volume measure index,619330.0,1.368,ABMI
2021 Q1,quarters,GDP chained volume measure index,612665.0,-1.076,ABMI
2021 Q2,quarters,GDP chained volume measure index,655443.0,6.982,ABMI
2021 Q3,quarters,GDP chained volume measure index,666498.0,1.687,ABMI
2021 Q4,quarters,GDP chained volume measure index,675680.0,1.378,ABMI
2022 Q1,quarters,GDP chained volume measure index,682527.0,1.013,ABMI
2022 Q2,quarters,GDP chained volume measure index,686335.0,0.558,ABMI
2022 Q3,quarters,GDP chained volume measure index,687029.0,0.101,ABMI
2022 Q4,quarters,GDP chained volume measure index,688817.0,0.26,ABMI
2023 Q1,quarters,GDP chained volume measure index,689206.0,0.056,ABMI
2023 Q2,quarters,GDP chained volume measure index,689491.0,0.041,ABMI
2023 Q3,quarters,GDP chained volume measure index,687839.0,-0.24,ABMI
2023 Q4,quarters,GDP chained volume measure index,685628.0,-0.321,ABMI
2024 Q1,quarters,GDP chained volume measure index,691198.0,0.812,ABMI
2024 Q2,quarters,GDP chained volume measure index,695280.0,0.591,ABMI
2024 Q3,quarters,GDP chained volume measure index,696853.0,0.226,ABMI
2024 Q4,quarters,GDP chained volume measure index,698780.0,0.277,ABMI
2025 Q1,quarters,GDP chained volume measure index,703373.0,0.657,ABMI
2025 Q2,quarters,GDP chained volume measure index,704798.0,0.203,ABMI
2025 Q3,quarters,GDP chained volume measure index,705187.0,0.055,ABMI
2025 Q4,quarters,GDP chained volume measure index,705571.0,0.054,ABMI
