period,period_type,measure,value,change_from_previous,source_series
1989 JAN,months,CPIH annual inflation rate,5.7,,L55O
1989 FEB,months,CPIH annual inflation rate,5.8,0.1,L55O
1989 MAR,months,CPIH annual inflation rate,5.9,0.1,L55O
1989 APR,months,CPIH annual inflation rate,5.6,-0.3,L55O
1989 MAY,months,CPIH annual inflation rate,5.9,0.3,L55O
1989 JUN,months,CPIH annual inflation rate,5.8,-0.1,L55O
1989 JUL,months,CPIH annual inflation rate,5.7,-0.1,L55O
1989 AUG,months,CPIH annual inflation rate,5.5,-0.2,L55O
1989 SEP,months,CPIH annual inflation rate,5.7,0.2,L55O
1989 OCT,months,CPIH annual inflation rate,5.8,0.1,L55O
1989 NOV,months,CPIH annual inflation rate,5.7,-0.1,L55O
1989 DEC,months,CPIH annual inflation rate,5.8,0.1,L55O
1990 JAN,months,CPIH annual inflation rate,5.9,0.1,L55O
1990 FEB,months,CPIH annual inflation rate,6.3,0.4,L55O
1990 MAR,months,CPIH annual inflation rate,6.2,-0.1,L55O
1990 APR,months,CPIH annual inflation rate,7.7,1.5,L55O
1990 MAY,months,CPIH annual inflation rate,8.2,0.5,L55O
1990 JUN,months,CPIH annual inflation rate,8.2,0.0,L55O
1990 JUL,months,CPIH annual inflation rate,8.2,0.0,L55O
1990 AUG,months,CPIH annual inflation rate,8.9,0.7,L55O
1990 SEP,months,CPIH annual inflation rate,9.2,0.3,L55O
1990 OCT,months,CPIH annual inflation rate,9.2,0.0,L55O
1990 NOV,months,CPIH annual inflation rate,9.2,0.0,L55O
1990 DEC,months,CPIH annual inflation rate,9.2,0.0,L55O
1991 JAN,months,CPIH annual inflation rate,8.6,-0.6,L55O
1991 FEB,months,CPIH annual inflation rate,8.2,-0.4,L55O
1991 MAR,months,CPIH annual inflation rate,8.3,0.1,L55O
1991 APR,months,CPIH annual inflation rate,8.0,-0.3,L55O
1991 MAY,months,CPIH annual inflation rate,7.5,-0.5,L55O
1991 JUN,months,CPIH annual inflation rate,7.7,0.2,L55O
1991 JUL,months,CPIH annual inflation rate,7.5,-0.2,L55O
1991 AUG,months,CPIH annual inflation rate,7.5,0.0,L55O
1991 SEP,months,CPIH annual inflation rate,6.9,-0.6,L55O
1991 OCT,months,CPIH annual inflation rate,6.5,-0.4,L55O
1991 NOV,months,CPIH annual inflation rate,6.5,0.0,L55O
1991 DEC,months,CPIH annual inflation rate,6.5,0.0,L55O
1992 JAN,months,CPIH annual inflation rate,6.2,-0.3,L55O
1992 FEB,months,CPIH annual inflation rate,6.3,0.1,L55O
1992 MAR,months,CPIH annual inflation rate,6.2,-0.1,L55O
1992 APR,months,CPIH annual inflation rate,5.2,-1.0,L55O
1992 MAY,months,CPIH annual inflation rate,5.1,-0.1,L55O
1992 JUN,months,CPIH annual inflation rate,4.6,-0.5,L55O
1992 JUL,months,CPIH annual inflation rate,4.5,-0.1,L55O
1992 AUG,months,CPIH annual inflation rate,3.7,-0.8,L55O
1992 SEP,months,CPIH annual inflation rate,3.7,0.0,L55O
1992 OCT,months,CPIH annual inflation rate,3.5,-0.2,L55O
1992 NOV,months,CPIH annual inflation rate,3.3,-0.2,L55O
1992 DEC,months,CPIH annual inflation rate,3.2,-0.1,L55O
1993 JAN,months,CPIH annual inflation rate,3.0,-0.2,L55O
1993 FEB,months,CPIH annual inflation rate,3.1,0.1,L55O
1993 MAR,months,CPIH annual inflation rate,3.2,0.1,L55O
1993 APR,months,CPIH annual inflation rate,2.6,-0.6,L55O
1993 MAY,months,CPIH annual inflation rate,2.3,-0.3,L55O
1993 JUN,months,CPIH annual inflation rate,2.2,-0.1,L55O
1993 JUL,months,CPIH annual inflation rate,2.3,0.1,L55O
1993 AUG,months,CPIH annual inflation rate,2.6,0.3,L55O
1993 SEP,months,CPIH annual inflation rate,2.7,0.1,L55O
1993 OCT,months,CPIH annual inflation rate,2.4,-0.3,L55O
1993 NOV,months,CPIH annual inflation rate,2.1,-0.3,L55O
1993 DEC,months,CPIH annual inflation rate,2.3,0.2,L55O
1994 JAN,months,CPIH annual inflation rate,2.6,0.3,L55O
1994 FEB,months,CPIH annual inflation rate,2.4,-0.2,L55O
1994 MAR,months,CPIH annual inflation rate,2.2,-0.2,L55O
1994 APR,months,CPIH annual inflation rate,2.4,0.2,L55O
1994 MAY,months,CPIH annual inflation rate,2.4,0.0,L55O
1994 JUN,months,CPIH annual inflation rate,2.3,-0.1,L55O
1994 JUL,months,CPIH annual inflation rate,2.1,-0.2,L55O
1994 AUG,months,CPIH annual inflation rate,2.2,0.1,L55O
1994 SEP,months,CPIH annual inflation rate,1.9,-0.3,L55O
1994 OCT,months,CPIH annual inflation rate,1.8,-0.1,L55O
1994 NOV,months,CPIH annual inflation rate,2.1,0.3,L55O
1994 DEC,months,CPIH annual inflation rate,2.2,0.1,L55O
1995 JAN,months,CPIH annual inflation rate,2.4,0.2,L55O
1995 FEB,months,CPIH annual inflation rate,2.3,-0.1,L55O
1995 MAR,months,CPIH annual inflation rate,2.4,0.1,L55O
1995 APR,months,CPIH annual inflation rate,2.3,-0.1,L55O
1995 MAY,months,CPIH annual inflation rate,2.6,0.3,L55O
1995 JUN,months,CPIH annual inflation rate,2.7,0.1,L55O
1995 JUL,months,CPIH annual inflation rate,2.8,0.1,L55O
1995 AUG,months,CPIH annual inflation rate,2.7,-0.1,L55O
1995 SEP,months,CPIH annual inflation rate,3.0,0.3,L55O
1995 OCT,months,CPIH annual inflation rate,3.0,0.0,L55O
1995 NOV,months,CPIH annual inflation rate,2.9,-0.1,L55O
1995 DEC,months,CPIH annual inflation rate,3.1,0.2,L55O
1996 JAN,months,CPIH annual inflation rate,2.9,-0.2,L55O
1996 FEB,months,CPIH annual inflation rate,3.0,0.1,L55O
1996 MAR,months,CPIH annual inflation rate,3.0,0.0,L55O
1996 APR,months,CPIH annual inflation rate,2.8,-0.2,L55O
1996 MAY,months,CPIH annual inflation rate,2.8,0.0,L55O
1996 JUN,months,CPIH annual inflation rate,2.8,0.0,L55O
1996 JUL,months,CPIH annual inflation rate,2.7,-0.1,L55O
1996 AUG,months,CPIH annual inflation rate,2.7,0.0,L55O
1996 SEP,months,CPIH annual inflation rate,2.7,0.0,L55O
1996 OCT,months,CPIH annual inflation rate,3.0,0.3,L55O
1996 NOV,months,CPIH annual inflation rate,3.1,0.1,L55O
1996 DEC,months,CPIH annual inflation rate,2.8,-0.3,L55O
1997 JAN,months,CPIH annual inflation rate,2.6,-0.2,L55O
1997 FEB,months,CPIH annual inflation rate,2.4,-0.2,L55O
1997 MAR,months,CPIH annual inflation rate,2.2,-0.2,L55O
1997 APR,months,CPIH annual inflation rate,2.1,-0.1,L55O
1997 MAY,months,CPIH annual inflation rate,2.1,0.0,L55O
1997 JUN,months,CPIH annual inflation rate,2.1,0.0,L55O
1997 JUL,months,CPIH annual inflation rate,2.4,0.3,L55O
1997 AUG,months,CPIH annual inflation rate,2.3,-0.1,L55O
1997 SEP,months,CPIH annual inflation rate,2.2,-0.1,L55O
1997 OCT,months,CPIH annual inflation rate,2.2,0.0,L55O
1997 NOV,months,CPIH annual inflation rate,2.1,-0.1,L55O
1997 DEC,months,CPIH annual inflation rate,1.9,-0.2,L55O
1998 JAN,months,CPIH annual inflation rate,1.8,-0.1,L55O
1998 FEB,months,CPIH annual inflation rate,1.8,0.0,L55O
1998 MAR,months,CPIH annual inflation rate,1.9,0.1,L55O
1998 APR,months,CPIH annual inflation rate,2.1,0.2,L55O
1998 MAY,months,CPIH annual inflation rate,2.2,0.1,L55O
1998 JUN,months,CPIH annual inflation rate,1.9,-0.3,L55O
1998 JUL,months,CPIH annual inflation rate,1.7,-0.2,L55O
1998 AUG,months,CPIH annual inflation rate,1.6,-0.1,L55O
1998 SEP,months,CPIH annual inflation rate,1.7,0.1,L55O
1998 OCT,months,CPIH annual inflation rate,1.6,-0.1,L55O
1998 NOV,months,CPIH annual inflation rate,1.7,0.1,L55O
1998 DEC,months,CPIH annual inflation rate,1.9,0.2,L55O
1999 JAN,months,CPIH annual inflation rate,2.0,0.1,L55O
1999 FEB,months,CPIH annual inflation rate,1.9,-0.1,L55O
1999 MAR,months,CPIH annual inflation rate,2.1,0.2,L55O
1999 APR,months,CPIH annual inflation rate,2.0,-0.1,L55O
1999 MAY,months,CPIH annual inflation rate,1.7,-0.3,L55O
1999 JUN,months,CPIH annual inflation rate,1.8,0.1,L55O
1999 JUL,months,CPIH annual inflation rate,1.7,-0.1,L55O
1999 AUG,months,CPIH annual inflation rate,1.6,-0.1,L55O
1999 SEP,months,CPIH annual inflation rate,1.6,0.0,L55O
1999 OCT,months,CPIH annual inflation rate,1.5,-0.1,L55O
1999 NOV,months,CPIH annual inflation rate,1.5,0.0,L55O
1999 DEC,months,CPIH annual inflation rate,1.5,0.0,L55O
2000 JAN,months,CPIH annual inflation rate,1.2,-0.3,L55O
2000 FEB,months,CPIH annual inflation rate,1.2,0.0,L55O
2000 MAR,months,CPIH annual inflation rate,1.0,-0.2,L55O
2000 APR,months,CPIH annual inflation rate,0.9,-0.1,L55O
2000 MAY,months,CPIH annual inflation rate,1.0,0.1,L55O
2000 JUN,months,CPIH annual inflation rate,1.2,0.2,L55O
2000 JUL,months,CPIH annual inflation rate,1.2,0.0,L55O
2000 AUG,months,CPIH annual inflation rate,1.0,-0.2,L55O
2000 SEP,months,CPIH annual inflation rate,1.3,0.3,L55O
2000 OCT,months,CPIH annual inflation rate,1.4,0.1,L55O
2000 NOV,months,CPIH annual inflation rate,1.5,0.1,L55O
2000 DEC,months,CPIH annual inflation rate,1.2,-0.3,L55O
2001 JAN,months,CPIH annual inflation rate,1.2,0.0,L55O
2001 FEB,months,CPIH annual inflation rate,1.2,0.0,L55O
2001 MAR,months,CPIH annual inflation rate,1.3,0.1,L55O
2001 APR,months,CPIH annual inflation rate,1.5,0.2,L55O
2001 MAY,months,CPIH annual inflation rate,1.9,0.4,L55O
2001 JUN,months,CPIH annual inflation rate,1.9,0.0,L55O
2001 JUL,months,CPIH annual inflation rate,1.7,-0.2,L55O
2001 AUG,months,CPIH annual inflation rate,2.1,0.4,L55O
2001 SEP,months,CPIH annual inflation rate,1.7,-0.4,L55O
2001 OCT,months,CPIH annual inflation rate,1.6,-0.1,L55O
2001 NOV,months,CPIH annual inflation rate,1.2,-0.4,L55O
2001 DEC,months,CPIH annual inflation rate,1.4,0.2,L55O
2002 JAN,months,CPIH annual inflation rate,1.8,0.4,L55O
2002 FEB,months,CPIH annual inflation rate,1.7,-0.1,L55O
2002 MAR,months,CPIH annual inflation rate,1.7,0.0,L55O
2002 APR,months,CPIH annual inflation rate,1.6,-0.1,L55O
2002 MAY,months,CPIH annual inflation rate,1.2,-0.4,L55O
2002 JUN,months,CPIH annual inflation rate,1.1,-0.1,L55O
2002 JUL,months,CPIH annual inflation rate,1.4,0.3,L55O
2002 AUG,months,CPIH annual inflation rate,1.3,-0.1,L55O
2002 SEP,months,CPIH annual inflation rate,1.2,-0.1,L55O
2002 OCT,months,CPIH annual inflation rate,1.5,0.3,L55O
2002 NOV,months,CPIH annual inflation rate,1.6,0.1,L55O
2002 DEC,months,CPIH annual inflation rate,1.7,0.1,L55O
2003 JAN,months,CPIH annual inflation rate,1.4,-0.3,L55O
2003 FEB,months,CPIH annual inflation rate,1.6,0.2,L55O
2003 MAR,months,CPIH annual inflation rate,1.6,0.0,L55O
2003 APR,months,CPIH annual inflation rate,1.5,-0.1,L55O
2003 MAY,months,CPIH annual inflation rate,1.3,-0.2,L55O
2003 JUN,months,CPIH annual inflation rate,1.2,-0.1,L55O
2003 JUL,months,CPIH annual inflation rate,1.3,0.1,L55O
2003 AUG,months,CPIH annual inflation rate,1.4,0.1,L55O
2003 SEP,months,CPIH annual inflation rate,1.3,-0.1,L55O
2003 OCT,months,CPIH annual inflation rate,1.3,0.0,L55O
2003 NOV,months,CPIH annual inflation rate,1.3,0.0,L55O
2003 DEC,months,CPIH annual inflation rate,1.3,0.0,L55O
2004 JAN,months,CPIH annual inflation rate,1.5,0.2,L55O
2004 FEB,months,CPIH annual inflation rate,1.4,-0.1,L55O
2004 MAR,months,CPIH annual inflation rate,1.2,-0.2,L55O
2004 APR,months,CPIH annual inflation rate,1.1,-0.1,L55O
2004 MAY,months,CPIH annual inflation rate,1.4,0.3,L55O
2004 JUN,months,CPIH annual inflation rate,1.5,0.1,L55O
2004 JUL,months,CPIH annual inflation rate,1.4,-0.1,L55O
2004 AUG,months,CPIH annual inflation rate,1.4,0.0,L55O
2004 SEP,months,CPIH annual inflation rate,1.2,-0.2,L55O
2004 OCT,months,CPIH annual inflation rate,1.3,0.1,L55O
2004 NOV,months,CPIH annual inflation rate,1.5,0.2,L55O
2004 DEC,months,CPIH annual inflation rate,1.8,0.3,L55O
2005 JAN,months,CPIH annual inflation rate,1.7,-0.1,L55O
2005 FEB,months,CPIH annual inflation rate,1.7,0.0,L55O
2005 MAR,months,CPIH annual inflation rate,2.0,0.3,L55O
2005 APR,months,CPIH annual inflation rate,1.9,-0.1,L55O
2005 MAY,months,CPIH annual inflation rate,1.9,0.0,L55O
2005 JUN,months,CPIH annual inflation rate,2.0,0.1,L55O
2005 JUL,months,CPIH annual inflation rate,2.3,0.3,L55O
2005 AUG,months,CPIH annual inflation rate,2.4,0.1,L55O
2005 SEP,months,CPIH annual inflation rate,2.5,0.1,L55O
2005 OCT,months,CPIH annual inflation rate,2.4,-0.1,L55O
2005 NOV,months,CPIH annual inflation rate,2.2,-0.2,L55O
2005 DEC,months,CPIH annual inflation rate,2.1,-0.1,L55O
2006 JAN,months,CPIH annual inflation rate,2.2,0.1,L55O
2006 FEB,months,CPIH annual inflation rate,2.2,0.0,L55O
2006 MAR,months,CPIH annual inflation rate,2.0,-0.2,L55O
2006 APR,months,CPIH annual inflation rate,2.2,0.2,L55O
2006 MAY,months,CPIH annual inflation rate,2.4,0.2,L55O
2006 JUN,months,CPIH annual inflation rate,2.6,0.2,L55O
2006 JUL,months,CPIH annual inflation rate,2.5,-0.1,L55O
2006 AUG,months,CPIH annual inflation rate,2.6,0.1,L55O
2006 SEP,months,CPIH annual inflation rate,2.5,-0.1,L55O
2006 OCT,months,CPIH annual inflation rate,2.5,0.0,L55O
2006 NOV,months,CPIH annual inflation rate,2.8,0.3,L55O
2006 DEC,months,CPIH annual inflation rate,2.9,0.1,L55O
2007 JAN,months,CPIH annual inflation rate,2.7,-0.2,L55O
2007 FEB,months,CPIH annual inflation rate,2.7,0.0,L55O
2007 MAR,months,CPIH annual inflation rate,2.9,0.2,L55O
2007 APR,months,CPIH annual inflation rate,2.7,-0.2,L55O
2007 MAY,months,CPIH annual inflation rate,2.5,-0.2,L55O
2007 JUN,months,CPIH annual inflation rate,2.5,0.0,L55O
2007 JUL,months,CPIH annual inflation rate,2.0,-0.5,L55O
2007 AUG,months,CPIH annual inflation rate,2.0,0.0,L55O
2007 SEP,months,CPIH annual inflation rate,2.0,0.0,L55O
2007 OCT,months,CPIH annual inflation rate,2.3,0.3,L55O
2007 NOV,months,CPIH annual inflation rate,2.2,-0.1,L55O
2007 DEC,months,CPIH annual inflation rate,2.3,0.1,L55O
2008 JAN,months,CPIH annual inflation rate,2.4,0.1,L55O
2008 FEB,months,CPIH annual inflation rate,2.6,0.2,L55O
2008 MAR,months,CPIH annual inflation rate,2.6,0.0,L55O
2008 APR,months,CPIH annual inflation rate,3.0,0.4,L55O
2008 MAY,months,CPIH annual inflation rate,3.3,0.3,L55O
2008 JUN,months,CPIH annual inflation rate,3.7,0.4,L55O
2008 JUL,months,CPIH annual inflation rate,4.2,0.5,L55O
2008 AUG,months,CPIH annual inflation rate,4.4,0.2,L55O
2008 SEP,months,CPIH annual inflation rate,4.8,0.4,L55O
2008 OCT,months,CPIH annual inflation rate,4.2,-0.6,L55O
2008 NOV,months,CPIH annual inflation rate,3.8,-0.4,L55O
2008 DEC,months,CPIH annual inflation rate,3.0,-0.8,L55O
2009 JAN,months,CPIH annual inflation rate,2.9,-0.1,L55O
2009 FEB,months,CPIH annual inflation rate,3.1,0.2,L55O
2009 MAR,months,CPIH annual inflation rate,2.8,-0.3,L55O
2009 APR,months,CPIH annual inflation rate,2.3,-0.5,L55O
2009 MAY,months,CPIH annual inflation rate,2.1,-0.2,L55O
2009 JUN,months,CPIH annual inflation rate,1.7,-0.4,L55O
2009 JUL,months,CPIH annual inflation rate,1.6,-0.1,L55O
2009 AUG,months,CPIH annual inflation rate,1.4,-0.2,L55O
2009 SEP,months,CPIH annual inflation rate,1.0,-0.4,L55O
2009 OCT,months,CPIH annual inflation rate,1.2,0.2,L55O
2009 NOV,months,CPIH annual inflation rate,1.5,0.3,L55O
2009 DEC,months,CPIH annual inflation rate,2.1,0.6,L55O
2010 JAN,months,CPIH annual inflation rate,2.6,0.5,L55O
2010 FEB,months,CPIH annual inflation rate,2.1,-0.5,L55O
2010 MAR,months,CPIH annual inflation rate,2.4,0.3,L55O
2010 APR,months,CPIH annual inflation rate,2.7,0.3,L55O
2010 MAY,months,CPIH annual inflation rate,2.5,-0.2,L55O
2010 JUN,months,CPIH annual inflation rate,2.4,-0.1,L55O
2010 JUL,months,CPIH annual inflation rate,2.3,-0.1,L55O
2010 AUG,months,CPIH annual inflation rate,2.4,0.1,L55O
2010 SEP,months,CPIH annual inflation rate,2.4,0.0,L55O
2010 OCT,months,CPIH annual inflation rate,2.5,0.1,L55O
2010 NOV,months,CPIH annual inflation rate,2.6,0.1,L55O
2010 DEC,months,CPIH annual inflation rate,3.1,0.5,L55O
2011 JAN,months,CPIH annual inflation rate,3.4,0.3,L55O
2011 FEB,months,CPIH annual inflation rate,3.7,0.3,L55O
2011 MAR,months,CPIH annual inflation rate,3.5,-0.2,L55O
2011 APR,months,CPIH annual inflation rate,3.8,0.3,L55O
2011 MAY,months,CPIH annual inflation rate,3.8,0.0,L55O
2011 JUN,months,CPIH annual inflation rate,3.6,-0.2,L55O
2011 JUL,months,CPIH annual inflation rate,3.8,0.2,L55O
2011 AUG,months,CPIH annual inflation rate,3.9,0.1,L55O
2011 SEP,months,CPIH annual inflation rate,4.5,0.6,L55O
2011 OCT,months,CPIH annual inflation rate,4.3,-0.2,L55O
2011 NOV,months,CPIH annual inflation rate,4.1,-0.2,L55O
2011 DEC,months,CPIH annual inflation rate,3.7,-0.4,L55O
2012 JAN,months,CPIH annual inflation rate,3.2,-0.5,L55O
2012 FEB,months,CPIH annual inflation rate,3.1,-0.1,L55O
2012 MAR,months,CPIH annual inflation rate,3.1,0.0,L55O
2012 APR,months,CPIH annual inflation rate,2.8,-0.3,L55O
2012 MAY,months,CPIH annual inflation rate,2.5,-0.3,L55O
2012 JUN,months,CPIH annual inflation rate,2.3,-0.2,L55O
2012 JUL,months,CPIH annual inflation rate,2.4,0.1,L55O
2012 AUG,months,CPIH annual inflation rate,2.3,-0.1,L55O
2012 SEP,months,CPIH annual inflation rate,2.1,-0.2,L55O
2012 OCT,months,CPIH annual inflation rate,2.4,0.3,L55O
2012 NOV,months,CPIH annual inflation rate,2.4,0.0,L55O
2012 DEC,months,CPIH annual inflation rate,2.4,0.0,L55O
2013 JAN,months,CPIH annual inflation rate,2.4,0.0,L55O
2013 FEB,months,CPIH annual inflation rate,2.5,0.1,L55O
2013 MAR,months,CPIH annual inflation rate,2.5,0.0,L55O
2013 APR,months,CPIH annual inflation rate,2.2,-0.3,L55O
2013 MAY,months,CPIH annual inflation rate,2.4,0.2,L55O
2013 JUN,months,CPIH annual inflation rate,2.6,0.2,L55O
2013 JUL,months,CPIH annual inflation rate,2.5,-0.1,L55O
2013 AUG,months,CPIH annual inflation rate,2.4,-0.1,L55O
2013 SEP,months,CPIH annual inflation rate,2.4,0.0,L55O
2013 OCT,months,CPIH annual inflation rate,2.0,-0.4,L55O
2013 NOV,months,CPIH annual inflation rate,1.9,-0.1,L55O
2013 DEC,months,CPIH annual inflation rate,1.9,0.0,L55O
2014 JAN,months,CPIH annual inflation rate,1.8,-0.1,L55O
2014 FEB,months,CPIH annual inflation rate,1.6,-0.2,L55O
2014 MAR,months,CPIH annual inflation rate,1.5,-0.1,L55O
2014 APR,months,CPIH annual inflation rate,1.7,0.2,L55O
2014 MAY,months,CPIH annual inflation rate,1.5,-0.2,L55O
2014 JUN,months,CPIH annual inflation rate,1.8,0.3,L55O
2014 JUL,months,CPIH annual inflation rate,1.6,-0.2,L55O
2014 AUG,months,CPIH annual inflation rate,1.5,-0.1,L55O
2014 SEP,months,CPIH annual inflation rate,1.3,-0.2,L55O
2014 OCT,months,CPIH annual inflation rate,1.3,0.0,L55O
2014 NOV,months,CPIH annual inflation rate,1.1,-0.2,L55O
2014 DEC,months,CPIH annual inflation rate,0.7,-0.4,L55O
2015 JAN,months,CPIH annual inflation rate,0.5,-0.2,L55O
2015 FEB,months,CPIH annual inflation rate,0.4,-0.1,L55O
2015 MAR,months,CPIH annual inflation rate,0.3,-0.1,L55O
2015 APR,months,CPIH annual inflation rate,0.3,0.0,L55O
2015 MAY,months,CPIH annual inflation rate,0.4,0.1,L55O
2015 JUN,months,CPIH annual inflation rate,0.3,-0.1,L55O
2015 JUL,months,CPIH annual inflation rate,0.5,0.2,L55O
2015 AUG,months,CPIH annual inflation rate,0.4,-0.1,L55O
2015 SEP,months,CPIH annual inflation rate,0.2,-0.2,L55O
2015 OCT,months,CPIH annual inflation rate,0.2,0.0,L55O
2015 NOV,months,CPIH annual inflation rate,0.4,0.2,L55O
2015 DEC,months,CPIH annual inflation rate,0.5,0.1,L55O
2016 JAN,months,CPIH annual inflation rate,0.6,0.1,L55O
2016 FEB,months,CPIH annual inflation rate,0.6,0.0,L55O
2016 MAR,months,CPIH annual inflation rate,0.8,0.2,L55O
2016 APR,months,CPIH annual inflation rate,0.7,-0.1,L55O
2016 MAY,months,CPIH annual inflation rate,0.7,0.0,L55O
2016 JUN,months,CPIH annual inflation rate,0.8,0.1,L55O
2016 JUL,months,CPIH annual inflation rate,0.9,0.1,L55O
2016 AUG,months,CPIH annual inflation rate,1.0,0.1,L55O
2016 SEP,months,CPIH annual inflation rate,1.3,0.3,L55O
2016 OCT,months,CPIH annual inflation rate,1.3,0.0,L55O
2016 NOV,months,CPIH annual inflation rate,1.5,0.2,L55O
2016 DEC,months,CPIH annual inflation rate,1.8,0.3,L55O
2017 JAN,months,CPIH annual inflation rate,1.9,0.1,L55O
2017 FEB,months,CPIH annual inflation rate,2.3,0.4,L55O
2017 MAR,months,CPIH annual inflation rate,2.3,0.0,L55O
2017 APR,months,CPIH annual inflation rate,2.6,0.3,L55O
2017 MAY,months,CPIH annual inflation rate,2.7,0.1,L55O
2017 JUN,months,CPIH annual inflation rate,2.6,-0.1,L55O
2017 JUL,months,CPIH annual inflation rate,2.6,0.0,L55O
2017 AUG,months,CPIH annual inflation rate,2.7,0.1,L55O
2017 SEP,months,CPIH annual inflation rate,2.8,0.1,L55O
2017 OCT,months,CPIH annual inflation rate,2.8,0.0,L55O
2017 NOV,months,CPIH annual inflation rate,2.8,0.0,L55O
2017 DEC,months,CPIH annual inflation rate,2.7,-0.1,L55O
2018 JAN,months,CPIH annual inflation rate,2.7,0.0,L55O
2018 FEB,months,CPIH annual inflation rate,2.5,-0.2,L55O
2018 MAR,months,CPIH annual inflation rate,2.3,-0.2,L55O
2018 APR,months,CPIH annual inflation rate,2.2,-0.1,L55O
2018 MAY,months,CPIH annual inflation rate,2.3,0.1,L55O
2018 JUN,months,CPIH annual inflation rate,2.3,0.0,L55O
2018 JUL,months,CPIH annual inflation rate,2.3,0.0,L55O
2018 AUG,months,CPIH annual inflation rate,2.4,0.1,L55O
2018 SEP,months,CPIH annual inflation rate,2.2,-0.2,L55O
2018 OCT,months,CPIH annual inflation rate,2.2,0.0,L55O
2018 NOV,months,CPIH annual inflation rate,2.2,0.0,L55O
2018 DEC,months,CPIH annual inflation rate,2.0,-0.2,L55O
2019 JAN,months,CPIH annual inflation rate,1.8,-0.2,L55O
2019 FEB,months,CPIH annual inflation rate,1.8,0.0,L55O
2019 MAR,months,CPIH annual inflation rate,1.8,0.0,L55O
2019 APR,months,CPIH annual inflation rate,2.0,0.2,L55O
2019 MAY,months,CPIH annual inflation rate,1.9,-0.1,L55O
2019 JUN,months,CPIH annual inflation rate,1.9,0.0,L55O
2019 JUL,months,CPIH annual inflation rate,2.0,0.1,L55O
2019 AUG,months,CPIH annual inflation rate,1.7,-0.3,L55O
2019 SEP,months,CPIH annual inflation rate,1.7,0.0,L55O
2019 OCT,months,CPIH annual inflation rate,1.5,-0.2,L55O
2019 NOV,months,CPIH annual inflation rate,1.5,0.0,L55O
2019 DEC,months,CPIH annual inflation rate,1.4,-0.1,L55O
2020 JAN,months,CPIH annual inflation rate,1.8,0.4,L55O
2020 FEB,months,CPIH annual inflation rate,1.7,-0.1,L55O
2020 MAR,months,CPIH annual inflation rate,1.5,-0.2,L55O
2020 APR,months,CPIH annual inflation rate,0.9,-0.6,L55O
2020 MAY,months,CPIH annual inflation rate,0.7,-0.2,L55O
2020 JUN,months,CPIH annual inflation rate,0.8,0.1,L55O
2020 JUL,months,CPIH annual inflation rate,1.1,0.3,L55O
2020 AUG,months,CPIH annual inflation rate,0.5,-0.6,L55O
2020 SEP,months,CPIH annual inflation rate,0.7,0.2,L55O
2020 OCT,months,CPIH annual inflation rate,0.9,0.2,L55O
2020 NOV,months,CPIH annual inflation rate,0.6,-0.3,L55O
2020 DEC,months,CPIH annual inflation rate,0.8,0.2,L55O
2021 JAN,months,CPIH annual inflation rate,0.9,0.1,L55O
2021 FEB,months,CPIH annual inflation rate,0.7,-0.2,L55O
2021 MAR,months,CPIH annual inflation rate,1.0,0.3,L55O
2021 APR,months,CPIH annual inflation rate,1.6,0.6,L55O
2021 MAY,months,CPIH annual inflation rate,2.1,0.5,L55O
2021 JUN,months,CPIH annual inflation rate,2.4,0.3,L55O
2021 JUL,months,CPIH annual inflation rate,2.1,-0.3,L55O
2021 AUG,months,CPIH annual inflation rate,3.0,0.9,L55O
2021 SEP,months,CPIH annual inflation rate,2.9,-0.1,L55O
2021 OCT,months,CPIH annual inflation rate,3.8,0.9,L55O
2021 NOV,months,CPIH annual inflation rate,4.6,0.8,L55O
2021 DEC,months,CPIH annual inflation rate,4.8,0.2,L55O
2022 JAN,months,CPIH annual inflation rate,4.9,0.1,L55O
2022 FEB,months,CPIH annual inflation rate,5.5,0.6,L55O
2022 MAR,months,CPIH annual inflation rate,6.2,0.7,L55O
2022 APR,months,CPIH annual inflation rate,7.8,1.6,L55O
2022 MAY,months,CPIH annual inflation rate,7.9,0.1,L55O
2022 JUN,months,CPIH annual inflation rate,8.2,0.3,L55O
2022 JUL,months,CPIH annual inflation rate,8.8,0.6,L55O
2022 AUG,months,CPIH annual inflation rate,8.6,-0.2,L55O
2022 SEP,months,CPIH annual inflation rate,8.8,0.2,L55O
2022 OCT,months,CPIH annual inflation rate,9.6,0.8,L55O
2022 NOV,months,CPIH annual inflation rate,9.3,-0.3,L55O
2022 DEC,months,CPIH annual inflation rate,9.2,-0.1,L55O
2023 JAN,months,CPIH annual inflation rate,8.8,-0.4,L55O
2023 FEB,months,CPIH annual inflation rate,9.2,0.4,L55O
2023 MAR,months,CPIH annual inflation rate,8.9,-0.3,L55O
2023 APR,months,CPIH annual inflation rate,7.8,-1.1,L55O
2023 MAY,months,CPIH annual inflation rate,7.9,0.1,L55O
2023 JUN,months,CPIH annual inflation rate,7.3,-0.6,L55O
2023 JUL,months,CPIH annual inflation rate,6.4,-0.9,L55O
2023 AUG,months,CPIH annual inflation rate,6.3,-0.1,L55O
2023 SEP,months,CPIH annual inflation rate,6.3,0.0,L55O
2023 OCT,months,CPIH annual inflation rate,4.7,-1.6,L55O
2023 NOV,months,CPIH annual inflation rate,4.2,-0.5,L55O
2023 DEC,months,CPIH annual inflation rate,4.2,0.0,L55O
2024 JAN,months,CPIH annual inflation rate,4.2,0.0,L55O
2024 FEB,months,CPIH annual inflation rate,3.8,-0.4,L55O
2024 MAR,months,CPIH annual inflation rate,3.8,0.0,L55O
2024 APR,months,CPIH annual inflation rate,3.0,-0.8,L55O
2024 MAY,months,CPIH annual inflation rate,2.8,-0.2,L55O
2024 JUN,months,CPIH annual inflation rate,2.8,0.0,L55O
2024 JUL,months,CPIH annual inflation rate,3.1,0.3,L55O
2024 AUG,months,CPIH annual inflation rate,3.1,0.0,L55O
2024 SEP,months,CPIH annual inflation rate,2.6,-0.5,L55O
2024 OCT,months,CPIH annual inflation rate,3.2,0.6,L55O
2024 NOV,months,CPIH annual inflation rate,3.5,0.3,L55O
2024 DEC,months,CPIH annual inflation rate,3.5,0.0,L55O
2025 JAN,months,CPIH annual inflation rate,3.9,0.4,L55O
2025 FEB,months,CPIH annual inflation rate,3.7,-0.2,L55O
2025 MAR,months,CPIH annual inflation rate,3.4,-0.3,L55O
2025 APR,months,CPIH annual inflation rate,4.1,0.7,L55O
2025 MAY,months,CPIH annual inflation rate,4.0,-0.1,L55O
2025 JUN,months,CPIH annual inflation rate,4.1,0.1,L55O
2025 JUL,months,CPIH annual inflation rate,4.2,0.1,L55O
2025 AUG,months,CPIH annual inflation rate,4.1,-0.1,L55O
2025 SEP,months,CPIH annual inflation rate,4.1,0.0,L55O
2025 OCT,months,CPIH annual inflation rate,3.8,-0.3,L55O
2025 NOV,months,CPIH annual inflation rate,3.5,-0.3,L55O
2025 DEC,months,CPIH annual inflation rate,3.6,0.1,L55O
2026 JAN,months,CPIH annual inflation rate,3.2,-0.4,L55O
2026 FEB,months,CPIH annual inflation rate,3.2,0.0,L55O
2026 MAR,months,CPIH annual inflation rate,3.4,0.2,L55O
